yob1,W_HO_PTA_dpr_SB,UW_HO_PTA_dpr_SB,T_W_HO_PTA_dpr_SB,T_UW_HO_PTA_dpr_SB,HO_ptadpr_RegCow_1,W_HO_SD_dpr_SB,W_BY1_HO_SD_dpr_SB,UW_HO_SD_dpr_SB,UW_BY1_HO_SD_dpr_SB,T_W_HO_SD_dpr_SB,T_UW_HO_SD_dpr_SB,W_BY1_HO_PTA_dpr_SB,HO_ptadpr_RegCow_4,W_HO_REL_dpr_SB,UW_HO_REL_dpr_SB,T_W_HO_REL_dpr_SB,T_UW_HO_REL_dpr_SB,W_BY1_HO_REL_dpr_SB,W_HO_NUM_PTA_SB,UW_HO_NUM_PTA_SB,T_W_HO_NUM_PTA_SB,T_UW_HO_NUM_PTA_SB,W_BY1_HO_NUM_PTA_SB,yob2,W_HO_PTA_dpr_SC,UW_HO_PTA_dpr_SC,T_W_HO_PTA_dpr_SC,T_UW_HO_PTA_dpr_SC,HO_ptadpr_RegCow_2,W_HO_SD_dpr_SC,W_BY1_HO_SD_dpr_SC,UW_HO_SD_dpr_SC,UW_BY1_HO_SD_dpr_SC,T_W_HO_SD_dpr_SC,T_UW_HO_SD_dpr_SC,W_BY1_HO_PTA_dpr_SC,HO_ptadpr_RegCow_5,W_HO_REL_dpr_SC,UW_HO_REL_dpr_SC,T_W_HO_REL_dpr_SC,T_UW_HO_REL_dpr_SC,W_BY1_HO_REL_dpr_SC,W_HO_NUM_PTA_SC,UW_HO_NUM_PTA_SC,T_W_HO_NUM_PTA_SC,T_UW_HO_NUM_PTA_SC,W_BY1_HO_NUM_PTA_SC,yob3,W_HO_PTA_dpr_DB,UW_HO_PTA_dpr_DB,T_W_HO_PTA_dpr_DB,T_UW_HO_PTA_dpr_DB,HO_ptadpr_RegCow_3,W_HO_SD_dpr_DB,W_BY1_HO_SD_dpr_DB,UW_HO_SD_dpr_DB,UW_BY1_HO_SD_dpr_DB,T_W_HO_SD_dpr_DB,T_UW_HO_SD_dpr_DB,W_BY1_HO_PTA_dpr_DB,HO_ptadpr_RegCow_6,W_HO_REL_dpr_DB,UW_HO_REL_dpr_DB,T_W_HO_REL_dpr_DB,T_UW_HO_REL_dpr_DB,W_BY1_HO_REL_dpr_DB,W_HO_NUM_PTA_DB,UW_HO_NUM_PTA_DB,T_W_HO_NUM_PTA_DB,T_UW_HO_NUM_PTA_DB,W_BY1_HO_NUM_PTA_DB,yob4,W_HO_PTA_dpr_DC,UW_HO_PTA_dpr_DC,T_W_HO_PTA_dpr_DC,T_UW_HO_PTA_dpr_DC,HO_ptadpr_AllCow_1,W_HO_SD_dpr_DC,W_BY1_HO_SD_dpr_DC,UW_HO_SD_dpr_DC,UW_BY1_HO_SD_dpr_DC,T_W_HO_SD_dpr_DC,T_UW_HO_SD_dpr_DC,W_BY1_HO_PTA_dpr_DC,HO_ptadpr_AllCow_2,W_HO_REL_dpr_DC,UW_HO_REL_dpr_DC,T_W_HO_REL_dpr_DC,T_UW_HO_REL_dpr_DC,W_BY1_HO_REL_dpr_DC,W_HO_NUM_PTA_DC,UW_HO_NUM_PTA_DC,T_W_HO_NUM_PTA_DC,T_UW_HO_NUM_PTA_DC,W_BY1_HO_NUM_PTA_DC,yob5,W_BY1_HO_SD_dpr_SB_1,W_BY1_HO_SD_dpr_SC_1,W_BY1_HO_SD_dpr_DB_1,W_BY1_HO_SD_dpr_DC_1,W_HO_SD_dpr_SB_1,W_HO_SD_dpr_SC_1,W_HO_SD_dpr_DB_1,W_HO_SD_dpr_DC_1,UW_BY1_HO_SD_dpr_SB_1,UW_BY1_HO_SD_dpr_SC_1,UW_BY1_HO_SD_dpr_DB_1,UW_BY1_HO_SD_dpr_DC_1,UW_HO_SD_dpr_SB_1,UW_HO_SD_dpr_SC_1,UW_HO_SD_dpr_DB_1,UW_HO_SD_dpr_DC_1,T_W_HO_SD_dpr_SB_1,T_W_HO_SD_dpr_SC_1,T_W_HO_SD_dpr_DB_1,T_W_HO_SD_dpr_DC_1,yob6,GenInt_SB,GenInt_SC,GenInt_DB,GenInt_DC,nGI_SB,nGI_SC,nGI_DB,nGI_DC,yob7,UW_BY1_HO_PTA_dpr_SB,HO_ptadpr_RegCow_7,HO_numdpr_RegCow,HO_ptadpr_AllCow_3,HO_numdpr_AllCow
1975,0.130569861,4.096247173,0.130569861,4.096247173,4.995753313,-4.865183452,#N/A,-0.89950614,#N/A,-4.865183452,-0.89950614,#N/A,4.995753313,0.962190888,0.696306593,0.962190888,0.696306593,#N/A,2825,176,2825,176,#N/A,1975,3.413620049,4.716469332,3.414236385,4.716469332,4.995753313,-1.582133264,-0.726124937,-0.279283981,#N/A,-1.581516928,-0.279283981,4.105506297,4.995753313,0.886139105,0.456765884,0.886210096,0.456765884,0.60379543,524382,2650,524038,2650,137,1975,4.567423584,4.840376579,4.567423584,4.840376579,4.995753313,-0.42832973,#N/A,-0.155376735,#N/A,-0.42832973,-0.155376735,#N/A,4.995753313,42.19166393,37.24675926,42.19166393,37.24675926,#N/A,3047,2160,3047,2160,#N/A,1975,5.669023422,5.679569941,5.669021354,5.679563039,5.672265621,-0.0032422,0.198042809,0.00730432,0.161611499,-0.003244267,0.007297417,5.086370674,5.672265621,26.43683347,24.57325499,26.43717094,24.57345888,22.76657825,444840,238953,444826,238950,754,1975,#N/A,-0.726124937,#N/A,0.198042809,-4.865183452,-1.582133264,-0.42832973,-0.0032422,#N/A,#N/A,#N/A,0.161611499,-0.89950614,-0.279283981,-0.155376735,0.00730432,-4.865183452,-1.581516928,-0.42832973,-0.003244267,1975,#N/A,-0.429942495,#N/A,-3.937505106,#N/A,137,#N/A,754,1975,#N/A,4.995753313,1629,5.672265621,456398
1976,2.581567703,3.816349572,2.581567703,3.816349572,4.681529217,-2.099961514,#N/A,-0.865179644,#N/A,-2.099961514,-0.865179644,#N/A,4.681529217,0.956882392,0.696910767,0.956882392,0.696910767,#N/A,2948,191,2948,191,#N/A,1976,3.028630102,4.484368441,3.02833094,4.484368441,4.681529217,-1.652899114,-0.332877608,-0.197160776,#N/A,-1.653198277,-0.197160776,4.612632286,4.681529217,0.908259559,0.459353094,0.908353327,0.459353094,0.481043504,762753,3046,762408,3046,939,1976,4.216043501,4.588953984,4.216043501,4.588953984,4.681529217,-0.465485716,#N/A,-0.092575233,#N/A,-0.465485716,-0.092575233,#N/A,4.681529217,41.3803781,36.58501838,41.3803781,36.58501838,#N/A,3068,2176,3068,2176,#N/A,1976,5.447373385,5.468551656,5.447370799,5.468547338,5.464344948,-0.016971563,0.137230885,0.004206708,0.155873211,-0.01697415,0.00420239,5.296036757,5.464344948,26.68276288,24.88064864,26.68297082,24.88083905,23.53023007,482888,261346,482883,261344,1869,1976,#N/A,-0.332877608,#N/A,0.137230885,-2.099961514,-1.652899114,-0.465485716,-0.016971563,#N/A,#N/A,#N/A,0.155873211,-0.865179644,-0.197160776,-0.092575233,0.004206708,-2.099961514,-1.653198277,-0.465485716,-0.01697415,1976,#N/A,1.358457998,#N/A,-1.351099334,#N/A,939,#N/A,1869,1976,#N/A,4.681529217,2109,5.464344948,493963
1977,0.940723069,3.508654031,0.940723069,3.508654031,4.511802025,-3.571078956,#N/A,-1.003147994,#N/A,-3.571078956,-1.003147994,#N/A,4.511802025,0.959194032,0.713930407,0.959194032,0.713930407,#N/A,2594,173,2594,173,#N/A,1977,2.867435504,4.252985372,2.86740877,4.252985372,4.511802025,-1.644366522,-0.456225155,-0.258816653,0.138414011,-1.644393255,-0.258816653,4.526058508,4.511802025,0.887335317,0.456873877,0.887488008,0.456873877,0.547065351,617172,3231,616693,3231,31849,1977,4.043583047,4.370190349,4.043583047,4.370190349,4.511802025,-0.468218979,-0.349961048,-0.141611676,-0.206743265,-0.468218979,-0.141611676,4.643921883,4.511802025,41.51903629,36.2774079,41.51903629,36.2774079,39.30952381,3362,2253,3362,2253,168,1977,5.2912734,5.319598333,5.291281184,5.319602669,5.323662909,-0.032389508,-0.028840921,-0.004064576,-0.044094447,-0.032381724,-0.00406024,5.618851347,5.323662909,27.10523333,25.28682934,27.10514293,25.28678829,26.27555,523988,285316,523982,285315,61546,1977,#N/A,-0.456225155,-0.349961048,-0.028840921,-3.571078956,-1.644366522,-0.468218979,-0.032389508,#N/A,0.138414011,-0.206743265,-0.044094447,-1.003147994,-0.258816653,-0.141611676,-0.004064576,-3.571078956,-1.644393255,-0.468218979,-0.032381724,1977,#N/A,2.215714558,2.266321176,2.129637675,#N/A,31849,168,61546,1977,#N/A,4.511802025,2422,5.323662909,533358
1978,-0.423899928,3.406403357,-0.423899928,3.406403357,4.415602721,-4.83950265,#N/A,-1.009199364,#N/A,-4.83950265,-1.009199364,#N/A,4.415602721,0.968500136,0.691721103,0.968500136,0.691721103,#N/A,3981,122,3981,122,#N/A,1978,1.67677912,4.103030236,1.676100277,4.103333664,4.415602721,-2.738823601,-0.339520878,-0.312572486,-0.076073712,-2.739502445,-0.312269057,4.48886116,4.415602721,0.868369372,0.449457191,0.868527628,0.449463553,0.54356659,492968,3059,492394,3058,71684,1978,3.990958922,4.313414116,3.990958922,4.313414116,4.415602721,-0.424643799,-0.247132919,-0.102188605,-0.068019151,-0.424643799,-0.102188605,4.649827829,4.415602721,40.29783748,34.68997107,40.29783748,34.68997107,38.92292089,3052,2074,3052,2074,493,1978,5.146544139,5.1687824,5.146546347,5.1687824,5.163670984,-0.017126845,-0.005247227,0.005111416,-0.005965145,-0.017124637,0.005111416,5.566483705,5.163670984,27.23523124,25.46190425,27.23526028,25.46190425,26.13419765,538891,298826,538884,298826,159973,1978,#N/A,-0.339520878,-0.247132919,-0.005247227,-4.83950265,-2.738823601,-0.424643799,-0.017126845,#N/A,-0.076073712,-0.068019151,-0.005965145,-1.009199364,-0.312572486,-0.102188605,0.005111416,-4.83950265,-2.739502445,-0.424643799,-0.017124637,1978,#N/A,2.536347085,2.813810875,2.621380072,#N/A,71684,493,159973,1978,#N/A,4.415602721,2611,5.163670984,563020
1979,1.497341514,3.162529276,1.497341514,3.162529276,4.269970018,-2.772628503,-0.174984164,-1.107440742,#N/A,-2.772628503,-1.107440742,4.537953677,4.269970018,0.971626466,0.731191817,0.971626466,0.731191817,0.635522169,5588,151,5588,151,134,1979,2.391698207,3.920706022,2.390989764,3.920706022,4.269970018,-1.878271812,-0.375056715,-0.349263996,-0.09817273,-1.878980254,-0.349263996,4.287056351,4.269970018,0.897594009,0.460429331,0.897823398,0.460429331,0.545597024,712945,3283,712298,3283,100234,1979,3.965437381,4.283638032,3.965437381,4.283638032,4.269970018,-0.304532637,-0.241637664,0.013668014,-0.065508822,-0.304532637,0.013668014,4.548185271,4.269970018,37.2231064,32.52920354,37.2231064,32.52920354,39.21928166,3393,2260,3393,2260,1058,1979,4.94702367,4.962146343,4.94702812,4.96215191,4.957353794,-0.010330124,-0.007648835,0.004792549,-0.004334534,-0.010325674,0.004798116,5.471890074,4.957353794,27.43403163,25.69101421,27.43400867,25.69098833,26.16233766,572062,321018,572060,321017,268884,1979,-0.174984164,-0.375056715,-0.241637664,-0.007648835,-2.772628503,-1.878271812,-0.304532637,-0.010330124,#N/A,-0.09817273,-0.065508822,-0.004334534,-1.107440742,-0.349263996,0.013668014,0.004792549,-2.772628503,-1.878980254,-0.304532637,-0.010325674,1979,3.00693657,2.771164974,3.311738471,3.030908662,134,100234,1058,268884,1979,#N/A,4.269970018,3145,4.957353794,624359
1980,2.003743305,3.028640576,2.003743305,3.028640576,3.947934369,-1.944191064,-0.598086069,-0.919293793,#N/A,-1.944191064,-0.919293793,4.021075816,3.947934369,0.957335204,0.755516996,0.957335204,0.755516996,0.633076713,3783,174,3783,174,117,1980,2.074209093,3.594952406,2.073955704,3.594952406,3.947934369,-1.873725276,-0.429222655,-0.352981963,-0.184223604,-1.873978665,-0.352981963,4.112902215,3.947934369,0.897246021,0.474681282,0.897307056,0.474681282,0.551563769,739128,3249,738843,3249,116238,1980,3.808032234,4.132890747,3.808032234,4.132890747,3.947934369,-0.139902135,-0.292748376,0.184956378,-0.105348927,-0.139902135,0.184956378,4.414032166,3.947934369,38.22850679,31.80543933,38.22850679,31.80543933,40.54228188,3978,2390,3978,2390,1490,1980,4.741092358,4.761980877,4.741097369,4.76198363,4.758818696,-0.017726338,-0.00764487,0.003162181,-0.002635555,-0.017721327,0.003164934,5.36956604,4.758818696,27.60381271,25.77072992,27.60374791,25.770709,26.28669767,607705,345684,607699,345683,369860,1980,-0.598086069,-0.429222655,-0.292748376,-0.00764487,-1.944191064,-1.873725276,-0.139902135,-0.017726338,#N/A,-0.184223604,-0.105348927,-0.002635555,-0.919293793,-0.352981963,0.184956378,0.003162181,-1.944191064,-1.873978665,-0.139902135,-0.017721327,1980,3.37305557,2.974309348,3.860558871,3.378656808,117,116238,1490,369860,1980,#N/A,3.947934369,4318,4.758818696,690506
1981,1.005280699,2.372920376,1.005280699,2.372920376,3.577183273,-2.571902573,-1.349674745,-1.204262896,#N/A,-2.571902573,-1.204262896,3.340253342,3.577183273,0.978569841,0.762732305,0.978569841,0.762732305,0.796349769,7476,172,7476,172,200,1981,1.639908107,3.236690257,1.639889879,3.236690257,3.577183273,-1.937275166,-0.64594945,-0.340493016,-0.235790995,-1.937293393,-0.340493016,3.853244364,3.577183273,0.914015295,0.478076029,0.91405688,0.478076029,0.614208269,846894,3150,846505,3150,146493,1981,3.197226129,3.738899336,3.197226129,3.738899336,3.577183273,-0.379957144,-0.392727447,0.161716063,-0.195170449,-0.379957144,0.161716063,4.217820597,3.577183273,40.65359355,31.70897833,40.65359355,31.70897833,41.29243243,5329,2907,5329,2907,1850,1981,4.507856341,4.538791398,4.507869824,4.538798502,4.537124925,-0.029268584,-0.005781138,0.001666473,-0.000910214,-0.029255101,0.001673577,5.246738702,4.537124925,27.93158703,26.02567955,27.93155744,26.02573272,26.579303,624633,358768,624626,358765,454346,1981,-1.349674745,-0.64594945,-0.392727447,-0.005781138,-2.571902573,-1.937275166,-0.379957144,-0.029268584,#N/A,-0.235790995,-0.195170449,-0.000910214,-1.204262896,-0.340493016,0.161716063,0.001666473,-2.571902573,-1.937293393,-0.379957144,-0.029255101,1981,4.793086927,3.559783728,4.310019424,3.657165638,200,146493,1850,454346,1981,#N/A,3.577183273,5944,4.537124925,738224
1982,1.420320455,2.285687686,1.420320455,2.285687686,3.385168842,-1.964848387,-1.949028286,-1.099481157,#N/A,-1.964848387,-1.099481157,2.767986746,3.385168842,0.938837907,0.747643434,0.938837907,0.747643434,0.917267509,3460,174,3460,174,549,1982,1.272424081,3.119391646,1.272178422,3.119391646,3.385168842,-2.112744761,-1.008861346,-0.265777196,-0.291412979,-2.11299042,-0.265777196,3.519506617,3.385168842,0.910111683,0.484924081,0.910231755,0.484924081,0.744198487,837707,3168,837170,3168,242005,1982,3.124144577,3.614277867,3.124144577,3.614277867,3.385168842,-0.261024265,-0.429089135,0.229109025,-0.205354401,-0.261024265,0.229109025,4.086730522,3.385168842,38.2443609,29.85156502,38.2443609,29.85156502,43.15246833,5852,3099,5852,3099,2289,1982,4.289163031,4.321736682,4.28917307,4.321736682,4.32561125,-0.036448219,-0.010595273,-0.003874568,-0.004164975,-0.03643818,-0.003874568,5.100545713,4.32561125,28.17072851,26.27639809,28.17044301,26.27639809,26.88844909,625701,362441,625693,362441,517405,1982,-1.949028286,-1.008861346,-0.429089135,-0.010595273,-1.964848387,-2.112744761,-0.261024265,-0.036448219,#N/A,-0.291412979,-0.205354401,-0.004164975,-1.099481157,-0.265777196,0.229109025,-0.003874568,-1.964848387,-2.11299042,-0.261024265,-0.03643818,1982,5.976723281,4.87066799,4.760351041,3.891221546,549,242005,2289,517405,1982,#N/A,3.385168842,7623,4.32561125,764573
1983,0.779777038,1.930435267,0.779777038,1.930435267,3.385545989,-2.605768951,-2.440591048,-1.455110722,-1.103965323,-2.605768951,-1.455110722,2.280718484,3.385545989,0.977071613,0.752132116,0.977071613,0.752132116,0.96039409,7042,136,7042,136,1344,1983,1.09732372,3.029249862,1.097018673,3.029249862,3.385545989,-2.288222269,-1.313715827,-0.356296126,-0.339465711,-2.288527316,-0.356296126,3.178651953,3.385545989,0.891945486,0.484279953,0.891989209,0.484279953,0.823559395,637208,3063,636891,3063,375061,1983,3.027790688,3.555988597,3.027790688,3.555988597,3.385545989,-0.357755301,-0.558907366,0.170442608,-0.249892691,-0.357755301,0.170442608,3.802099972,3.385545989,34.27487352,26.90870968,34.27487352,26.90870968,44.53972056,5337,3100,5337,3100,2505,1983,4.131213345,4.154109791,4.131228399,4.154109791,4.132202584,-0.000989239,-0.019857732,0.021907207,-0.01115667,-0.000974185,0.021907207,4.925579715,4.132202584,28.33656854,26.51258214,28.33643612,26.51258214,27.1093382,634168,369929,634162,369929,565987,1983,-2.440591048,-1.313715827,-0.558907366,-0.019857732,-2.605768951,-2.288222269,-0.357755301,-0.000989239,-1.103965323,-0.339465711,-0.249892691,-0.01115667,-1.455110722,-0.356296126,0.170442608,0.021907207,-2.605768951,-2.288527316,-0.357755301,-0.000974185,1983,7.012104397,5.904910537,5.043458873,4.028001054,1344,375061,2505,565987,1983,3.22957674,3.385545989,8714,4.132202584,779237
1984,0.187478116,1.820003667,0.187478116,1.820003667,3.214774853,-3.027296736,-2.748390494,-1.394771186,-1.015332673,-3.027296736,-1.394771186,1.888319231,3.214774853,0.94686097,0.7290681,0.94686097,0.7290681,0.953248839,2673,161,2673,161,1385,1984,1.178265107,2.845257793,1.178153788,2.845257793,3.214774853,-2.036509746,-1.52209678,-0.369517059,-0.327066589,-2.036621065,-0.369517059,2.890466526,3.214774853,0.884086549,0.486399069,0.884141988,0.486399069,0.862508487,607049,3116,606751,3116,480920,1984,2.924484522,3.410264883,2.924484522,3.410264883,3.214774853,-0.290290331,-0.574527998,0.19549003,-0.243030362,-0.290290331,0.19549003,3.603864013,3.214774853,31.82991089,25.84561984,31.82991089,25.84561984,45.27851745,5162,3025,5162,3025,2779,1984,3.939550021,3.959129305,3.939546537,3.959118321,3.932419685,0.007130336,-0.032486297,0.02670962,-0.019692031,0.007126851,0.026698636,4.736529638,3.932419685,28.46284844,26.71130107,28.46273368,26.71144572,27.47543108,625317,369319,625310,369317,584112,1984,-2.748390494,-1.52209678,-0.574527998,-0.032486297,-3.027296736,-2.036509746,-0.290290331,0.007130336,-1.015332673,-0.327066589,-0.243030362,-0.019692031,-1.394771186,-0.369517059,0.19549003,0.02670962,-3.027296736,-2.036621065,-0.290290331,0.007126851,1984,7.576522682,6.594060756,5.239215895,4.153793656,1385,480920,2779,584112,1984,3.14190529,3.214774853,10677,3.932419685,765599
1985,0.385823386,1.833467599,0.385823386,1.833467599,2.992429754,-2.606606367,-3.23089331,-1.158962155,-1.095166879,-2.606606367,-1.158962155,1.290892517,2.992429754,0.974804355,0.762163489,0.974804355,0.762163489,0.963635056,7139,171,7139,171,1733,1985,1.279167634,2.481000171,1.279213284,2.481000171,2.992429754,-1.71326212,-1.71053296,-0.511429583,-0.270410479,-1.713216469,-0.511429583,2.624825371,2.992429754,0.895142287,0.495472179,0.895242202,0.495472179,0.878498267,698430,3218,697712,3218,572055,1985,2.522631144,3.041143087,2.522631144,3.041143087,2.992429754,-0.46979861,-0.619972783,0.048713333,-0.24193943,-0.46979861,0.048713333,3.354378885,2.992429754,32.20307755,25.81814959,32.20307755,25.81814959,46.54876847,4939,2821,4939,2821,3045,1985,3.721654408,3.734317079,3.721661767,3.734316441,3.704457258,0.01719715,-0.038310656,0.029859822,-0.018977076,0.017204509,0.029859183,4.54110799,3.704457258,28.523996,26.84942904,28.5239171,26.84938874,27.85341181,634335,379708,634316,379706,611318,1985,-3.23089331,-1.71053296,-0.619972783,-0.038310656,-2.606606367,-1.71326212,-0.46979861,0.01719715,-1.095166879,-0.270410479,-0.24193943,-0.018977076,-1.158962155,-0.511429583,0.048713333,0.029859822,-2.606606367,-1.713216469,-0.46979861,0.017204509,1985,7.801839953,7.068774903,5.316023283,4.212772538,1733,572055,3045,611318,1985,2.969769272,2.992429754,12404,3.704457258,784506
1986,-0.453528652,1.168513388,-0.453701339,1.168513388,2.585192538,-3.03872119,-3.509621949,-1.41667915,-1.232067205,-3.038893877,-1.41667915,0.895575959,2.585192538,0.962790772,0.769300178,0.962788046,0.769300178,0.968202098,9982,243,9981,243,4517,1986,0.042278156,1.956174926,0.040745154,1.955413163,2.585192538,-2.542914382,-1.800861427,-0.629017612,-0.326857049,-2.544447384,-0.629779375,2.401185794,2.585192538,0.912299783,0.517963676,0.912280687,0.517983256,0.888188611,911549,3983,910364,3982,635634,1986,1.802411544,2.597486934,1.802411544,2.597486934,2.585192538,-0.782780993,-0.072175769,0.012294396,0.33114802,-0.782780993,0.012294396,3.721892302,2.585192538,39.80815518,27.91679049,39.80815518,27.91679049,32.01991342,7063,3365,7063,3365,5775,1986,3.500736862,3.530047881,3.500766985,3.530050887,3.487497689,0.013239174,-0.028166681,0.042550192,-0.003383441,0.013269297,0.042553198,4.359211489,3.487497689,28.8233454,27.04211353,28.82324672,27.04225327,28.18382366,640289,387049,640271,387047,623429,1986,-3.509621949,-1.800861427,-0.072175769,-0.028166681,-3.03872119,-2.542914382,-0.782780993,0.013239174,-1.232067205,-0.326857049,0.33114802,-0.003383441,-1.41667915,-0.629017612,0.012294396,0.042550192,-3.038893877,-2.544447384,-0.782780993,0.013269297,1986,7.97950582,7.192517982,5.403794946,4.260143557,4517,635634,5775,623429,1986,2.735233176,2.585192538,13098,3.487497689,791825
1987,-0.170813281,1.230277986,-0.170701955,1.230277986,2.352850583,-2.523663864,-3.419833391,-1.122572597,-1.182074512,-2.523552539,-1.122572597,0.841711273,2.352850583,0.955342429,0.758930249,0.955332099,0.758930249,0.962369187,3356,187,3355,187,4959,1987,-0.004262745,1.787946357,-0.003913897,1.787559438,2.352850583,-2.357113328,-1.86287228,-0.564904226,-0.358492142,-2.35676448,-0.565291145,2.149062085,2.352850583,0.879253776,0.513133507,0.87925707,0.513168555,0.891815094,618323,3890,617551,3888,702162,1987,2.130668324,2.646337507,2.130668324,2.646337507,2.352850583,-0.222182258,-0.155239907,0.293486924,0.279396454,-0.222182258,0.293486924,3.456533337,2.352850583,30.13795689,23.51196809,30.13795689,23.51196809,32.42156863,5335,3008,5335,3008,5916,1987,3.311967636,3.315545079,3.31200006,3.315540599,3.280796981,0.031170655,-0.015631991,0.034748098,0.005494839,0.031203079,0.034743618,4.164252502,3.280796981,28.4825936,26.97046813,28.48244348,26.97070966,28.31243095,649876,401126,649844,401122,646258,1987,-3.419833391,-1.86287228,-0.155239907,-0.015631991,-2.523663864,-2.357113328,-0.222182258,0.031170655,-1.182074512,-0.358492142,0.279396454,0.005494839,-1.122572597,-0.564904226,0.293486924,0.034748098,-2.523552539,-2.35676448,-0.222182258,0.031203079,1987,8.32614544,7.236895337,5.465756734,4.258383161,4959,702162,5916,646258,1987,2.59516416,2.352850583,13196,3.280796981,821720
1988,-1.007861307,0.979356039,-1.009150317,0.979356039,2.195433438,-3.203294745,-2.854641805,-1.216077398,-1.217317529,-3.204583754,-1.216077398,1.101614379,2.195433438,0.943979147,0.751599768,0.944024194,0.751599768,0.962855672,5639,225,5638,225,5837,1988,0.308711918,1.719398443,0.308078782,1.719398443,2.195433438,-1.886721519,-1.917031685,-0.476034995,-0.460711441,-1.887354656,-0.476034995,1.861752709,2.195433438,0.863347032,0.520441546,0.863328241,0.520441546,0.898143688,551288,4075,550711,4075,750960,1988,1.869278428,2.421309879,1.869278428,2.421309879,2.195433438,-0.326155009,-0.312813818,0.225876442,0.207494332,-0.326155009,0.225876442,3.0759965,2.195433438,33.03200533,24.67919255,33.03200533,24.67919255,34.05482042,5999,3220,5999,3220,6348,1988,3.074053216,3.077981165,3.074057378,3.077982858,3.038049741,0.036003475,-0.006060762,0.039931424,0.020511003,0.036007638,0.039933117,3.960937173,3.038049741,28.66651992,27.0705847,28.66639087,27.07065878,28.5133951,658723,409763,658690,409758,660540,1988,-2.854641805,-1.917031685,-0.312813818,-0.006060762,-3.203294745,-1.886721519,-0.326155009,0.036003475,-1.217317529,-0.460711441,0.207494332,0.020511003,-1.216077398,-0.476034995,0.225876442,0.039931424,-3.204583754,-1.887354656,-0.326155009,0.036007638,1988,8.260287198,7.359095574,5.386598074,4.252856184,5837,750960,6348,660540,1988,2.266031048,2.195433438,15261,3.038049741,842526
1989,-0.828177536,0.90998658,-0.828177536,0.90998658,2.108317993,-2.936495528,-2.580537743,-1.198331413,-1.106503741,-2.936495528,-1.198331413,1.185529492,2.108317993,0.959331561,0.788532577,0.959331561,0.788532577,0.971402086,7932,259,7932,259,6097,1989,-0.140818192,1.568450611,-0.14103735,1.568450611,2.108317993,-2.249136185,-2.021117712,-0.539867381,-0.554570557,-2.249355343,-0.539867381,1.508782772,2.108317993,0.893217746,0.538327382,0.893245329,0.538327382,0.897164804,718791,4042,718179,4042,768337,1989,1.677808601,2.213820854,1.677808601,2.213820854,2.108317993,-0.430509392,-0.489006304,0.105502861,0.09495785,-0.430509392,0.105502861,2.680988489,2.108317993,30.56084571,23.39709302,30.56084571,23.39709302,35.09368357,6196,3440,6196,3440,6586,1989,2.805823691,2.806665811,2.805818848,2.806661931,2.76139735,0.044426341,0.005964866,0.045268461,0.029109211,0.044421498,0.045264581,3.753678382,2.76139735,28.779545,27.22117431,28.77930331,27.2213253,28.58774857,641936,403234,641890,403230,660119,1989,-2.580537743,-2.021117712,-0.489006304,0.005964866,-2.936495528,-2.249136185,-0.430509392,0.044426341,-1.106503741,-0.554570557,0.09495785,0.029109211,-1.198331413,-0.539867381,0.105502861,0.045268461,-2.936495528,-2.249355343,-0.430509392,0.044421498,1989,8.401113327,7.366245841,5.364095286,4.214782239,6097,768337,6586,660119,1989,2.132465015,2.108317993,18445,2.76139735,847106
1990,0.09640735,0.84808,0.095018605,0.827159037,1.915716583,-1.819309232,-2.702487811,-1.067636583,-1.161154078,-1.820697978,-1.088557546,0.807583818,1.915716583,0.955120383,0.800530063,0.955160954,0.800950331,0.975641601,5677,264,5675,263,6271,1990,0.315315282,1.269700597,0.315173425,1.269700597,1.915716583,-1.600401301,-2.111495853,-0.646015986,-0.624911009,-1.600543158,-0.646015986,1.228696151,1.915716583,0.891900459,0.550687347,0.891837176,0.550687347,0.897247986,722404,4058,720965,4058,801030,1990,1.468741205,1.959342886,1.468741205,1.959342886,1.915716583,-0.446975378,-0.516252136,0.043626303,0.111604995,-0.446975378,0.043626303,2.404159736,1.915716583,32.80315639,23.39972261,32.80315639,23.39972261,35.13085075,6970,3605,6970,3605,6794,1990,2.558782852,2.558774024,2.558830457,2.558784783,2.514458274,0.044324577,0.008062684,0.044315749,0.027882334,0.044372182,0.044326509,3.536698522,2.514458274,29.03366937,27.38807431,29.03349717,27.38832347,28.61317528,643374,406685,643308,406679,676221,1990,-2.702487811,-2.111495853,-0.516252136,0.008062684,-1.819309232,-1.600401301,-0.446975378,0.044324577,-1.161154078,-0.624911009,0.111604995,0.027882334,-1.067636583,-0.646015986,0.043626303,0.044315749,-1.820697978,-1.600543158,-0.446975378,0.044372182,1990,7.855125301,7.346945483,5.22696376,4.206733932,6271,801030,6794,676221,1990,1.90925836,1.915716583,23216,2.514458274,872685
1991,0.035532066,0.504682767,0.035004503,0.504682767,1.6679392,-1.632407133,-2.798092041,-1.163256432,-1.429470947,-1.632934697,-1.163256432,0.435526384,1.6679392,0.961729231,0.797400493,0.961723052,0.797400493,0.970706938,9153,277,9151,277,6533,1991,0.210492668,1.049627355,0.21031315,1.049627355,1.6679392,-1.457446532,-2.154061881,-0.618311845,-0.492227326,-1.457626049,-0.618311845,1.023154527,1.6679392,0.90255096,0.561258976,0.902555789,0.561258976,0.899733472,800428,3955,799080,3955,809973,1991,1.229493733,1.713600182,1.22963788,1.713600182,1.6679392,-0.438445467,-0.470861831,0.045660983,0.135458548,-0.438301319,0.045660983,2.18613452,1.6679392,29.496,21.60119904,29.49308923,21.60119904,34.15689954,8250,4170,8248,4170,6928,1991,2.321553005,2.322593456,2.321572908,2.32261185,2.293718346,0.027834659,0.016479953,0.02887511,0.036703748,0.027854562,0.028893504,3.305553285,2.293718346,29.31284826,27.67321371,29.31220509,27.67307773,28.61003152,634413,403643,634301,403625,683386,1991,-2.798092041,-2.154061881,-0.470861831,0.016479953,-1.632407133,-1.457446532,-0.438445467,0.027834659,-1.429470947,-0.492227326,0.135458548,0.036703748,-1.163256432,-0.618311845,0.045660983,0.02887511,-1.632934697,-1.457626049,-0.438301319,0.027854562,1991,7.473919017,7.331111985,4.989462357,4.173388305,6533,809973,6928,683386,1991,1.378402057,1.6679392,22766,2.293718346,875017
1992,-0.593948567,0.273027641,-0.594036533,0.273027641,1.442311987,-2.036260553,-2.731178721,-1.169284346,-1.011670144,-2.03634852,-1.169284346,0.296592963,1.442311987,0.942794067,0.754711295,0.942787075,0.754711295,0.967668566,6753,312,6752,312,7005,1992,-0.281252248,0.815020841,-0.280373716,0.815392828,1.442311987,-1.723564236,-2.151273046,-0.627291146,-0.591793395,-1.722685703,-0.62691916,0.808584673,1.442311987,0.874343831,0.562881782,0.874244194,0.562918692,0.896870027,631466,4143,629338,4142,801200,1992,0.685875341,1.356868604,0.685875341,1.356868604,1.442311987,-0.756436646,-0.498920505,-0.085443383,0.095258485,-0.756436646,-0.085443383,1.894583447,1.442311987,33.06042188,22.35978836,33.06042188,22.35978836,33.86300427,8391,3969,8391,3969,7263,1992,2.085666425,2.089349394,2.085693474,2.089345536,2.060544785,0.02512164,0.027578885,0.028804609,0.040116663,0.025148689,0.028800752,3.065348379,2.060544785,29.59708136,27.88348079,29.5968875,27.88369815,28.66301455,610900,388923,610698,388876,679970,1992,-2.731178721,-2.151273046,-0.498920505,0.027578885,-2.036260553,-1.723564236,-0.756436646,0.02512164,-1.011670144,-0.591793395,0.095258485,0.040116663,-1.169284346,-0.627291146,-0.085443383,0.028804609,-2.03634852,-1.722685703,-0.756436646,0.025148689,1992,7.766364204,7.237419955,4.686025567,4.129426739,7005,801200,7263,679970,1992,1.516812438,1.442311987,21594,2.060544785,863585
1993,-0.723611573,0.087273434,-0.724929942,0.087273434,1.162288296,-1.885899869,-2.763069398,-1.075014861,-1.498536969,-1.887218237,-1.075014861,0.002635791,1.162288296,0.935191353,0.761012438,0.935199663,0.761012438,0.962418084,4332,237,4327,237,6918,1993,-0.627739583,0.486990845,-0.624348444,0.487591718,1.162288296,-1.790027879,-2.220913548,-0.675297451,-0.666879837,-1.78663674,-0.674696577,0.482157424,1.162288296,0.861185843,0.569188659,0.860859879,0.569188456,0.90041062,512195,3982,509262,3981,788609,1993,0.887133592,1.334202728,0.886992859,1.334202728,1.162288296,-0.275154704,-0.42733265,0.171914432,0.093252636,-0.275295437,0.171914432,1.740651083,1.162288296,27.6999159,21.37135772,27.68943472,21.37135772,31.87280453,5945,3226,5944,3226,7060,1993,1.814049488,1.800509771,1.81409553,1.800485173,1.774871876,0.039177613,0.024521629,0.025637895,0.037432493,0.039223654,0.025613297,2.817831444,1.774871876,29.63045751,28.0988339,29.62856199,28.09938155,28.75327893,578629,370723,578188,370602,671941,1993,-2.763069398,-2.220913548,-0.42733265,0.024521629,-1.885899869,-1.790027879,-0.275154704,0.039177613,-1.498536969,-0.666879837,0.093252636,0.037432493,-1.075014861,-0.675297451,0.171914432,0.025637895,-1.887218237,-1.78663674,-0.275295437,0.039223654,1993,7.674580037,7.189384245,4.506363176,4.097113885,6918,788609,7060,671941,1993,0.842697906,1.162288296,21387,1.774871876,847107
1994,-1.884397401,-0.383033476,-1.889977751,-0.392022697,0.913896667,-2.798294068,-2.894819406,-1.296930144,-1.211404036,-2.803874418,-1.305919365,-0.361854617,0.913896667,0.95681511,0.791404995,0.956783551,0.791966978,0.954601861,9326,306,9306,305,7477,1994,-0.944973637,0.274093971,-0.960381565,0.274093971,0.913896667,-1.858870304,-2.273608818,-0.639802696,-0.647073021,-1.874278233,-0.639802696,0.196987389,0.913896667,0.919167581,0.587149655,0.91851178,0.587149655,0.896796068,913718,3884,902954,3884,779851,1994,0.222804109,0.771477658,0.222621312,0.771477658,0.913896667,-0.691092557,-0.464175876,-0.142419009,0.072908598,-0.691275355,-0.142419009,1.48720068,0.913896667,34.33322704,24.52702703,34.31631839,24.52702703,30.67275413,6272,3182,6269,3182,7447,1994,1.54592818,1.53910846,1.546155263,1.539082359,1.507861903,0.038066277,0.027056339,0.031246557,0.037083099,0.03829336,0.031220455,2.57852779,1.507861903,29.87004642,28.27466865,29.86379234,28.27567288,29.04997723,562270,359211,561569,359056,661081,1994,-2.894819406,-2.273608818,-0.464175876,0.027056339,-2.798294068,-1.858870304,-0.691092557,0.038066277,-1.211404036,-0.647073021,0.072908598,0.037083099,-1.296930144,-0.639802696,-0.142419009,0.031246557,-2.803874418,-1.874278233,-0.691275355,0.03829336,1994,7.648676292,7.232860414,4.409775785,4.080280259,7477,779851,7447,661081,1994,0.909094359,0.913896667,21950,1.507861903,835165
1995,-1.525152611,-0.223789585,-1.551524693,-0.223789585,0.840156841,-2.365309452,-3.054913495,-1.063946426,-1.310700197,-2.391681534,-1.063946426,-0.725723692,0.840156841,0.948719725,0.776512731,0.948552439,0.776512731,0.959337363,7742,347,7697,347,7594,1995,-0.627225058,0.03901948,-0.655322647,0.038858309,0.840156841,-1.467381899,-2.200614929,-0.801137361,-0.667880882,-1.495479487,-0.801298532,0.065290716,0.840156841,0.921225179,0.620732443,0.920579008,0.62071912,0.892827552,837315,3699,826333,3698,752374,1995,0.061967656,0.575340504,0.062396483,0.575358735,0.840156841,-0.778189184,-0.468197422,-0.264816336,0.021033499,-0.777760358,-0.264798106,1.262012385,0.840156841,31.06563927,22.15560775,31.03927449,22.14247944,29.50092666,7008,3406,7002,3404,7554,1995,1.361053416,1.347745674,1.36160411,1.347718149,1.312390922,0.048662494,0.033573814,0.035354752,0.03712647,0.049213188,0.035327226,2.335932578,1.312390922,29.98581371,28.38965767,29.97092486,28.39320222,29.21140725,550602,351062,549576,350850,637840,1995,-3.054913495,-2.200614929,-0.468197422,0.033573814,-2.365309452,-1.467381899,-0.778189184,0.048662494,-1.310700197,-0.667880882,0.021033499,0.03712647,-1.063946426,-0.801137361,-0.264816336,0.035354752,-2.391681534,-1.495479487,-0.777760358,0.049213188,1995,7.382460702,7.233703165,4.380727618,4.067073005,7594,752374,7554,637840,1995,0.63783126,0.840156841,24408,1.312390922,806020
1996,-1.089418459,-0.219564928,-1.092969327,-0.239166802,0.79449739,-1.883915849,-2.634235639,-1.014062318,-1.134843716,-1.887466717,-1.033664192,-0.541346432,0.79449739,0.937889356,0.791086719,0.937881278,0.791127035,0.950550744,6032,276,6009,275,7804,1996,-1.107003,-0.017410087,-1.090764021,-0.01757427,0.79449739,-1.901500389,-2.02493676,-0.811907477,-0.695954579,-1.885261411,-0.81207166,-0.011329055,0.79449739,0.925708191,0.626816439,0.924286028,0.626747314,0.893301212,826436,3512,804227,3505,703508,1996,0.152121534,0.55363306,0.151025855,0.55363306,0.79449739,-0.642375855,-0.575137833,-0.24086433,0.018228771,-0.643471534,-0.24086433,0.940055963,0.79449739,33.60716261,22.43423371,33.59792388,22.43423371,30.9106427,7232,3406,7225,3406,7733,1996,1.195826099,1.178470973,1.196670365,1.178546555,1.132433809,0.06339229,0.028800274,0.046037164,0.025275236,0.064236556,0.046112746,2.0741423,1.132433809,30.29231934,28.65296573,30.24840083,28.65895329,29.5692938,541490,340877,539499,340534,588689,1996,-2.634235639,-2.02493676,-0.575137833,0.028800274,-1.883915849,-1.901500389,-0.642375855,0.06339229,-1.134843716,-0.695954579,0.018228771,0.025275236,-1.014062318,-0.811907477,-0.24086433,0.046037164,-1.887466717,-1.885261411,-0.643471534,0.064236556,1996,7.067116637,6.878413192,4.424665334,4.070234152,7804,703508,7733,588689,1996,0.597103353,0.79449739,33952,1.132433809,745454
1997,-0.426286619,0.083182731,-0.509150956,0.070074187,0.771530004,-1.197816623,-1.955183819,-0.688347272,-1.256886386,-1.28068096,-0.701455816,-0.129829116,0.771530004,0.947699796,0.796581233,0.9471831,0.796666429,0.954287058,8648,313,8432,312,7956,1997,-0.007216714,0.237963974,-0.025435856,0.238129676,0.771530004,-0.778746717,-1.851940496,-0.53356603,-0.662618144,-0.796965859,-0.533400327,-0.040319491,0.771530004,0.929880582,0.640355473,0.927192303,0.64038315,0.903020899,851054,3627,808752,3626,701169,1997,0.237381105,0.507262147,0.235614506,0.505522835,0.771530004,-0.534148899,-0.678132909,-0.264267856,-0.131671373,-0.535915498,-0.266007168,0.611383807,0.771530004,36.49370612,23.50299713,36.35625759,23.46932916,30.94385471,8262,3837,8230,3831,7819,1997,1.065403211,1.040377722,1.065232849,1.040415952,0.990691133,0.074712078,0.029545817,0.049686589,0.026632781,0.074541716,0.049724819,1.83666107,0.990691133,30.79659068,29.04682273,30.75042421,29.05191674,29.69534813,556533,345879,553383,345457,581444,1997,-1.955183819,-1.851940496,-0.678132909,0.029545817,-1.197816623,-0.778746717,-0.534148899,0.074712078,-1.256886386,-0.662618144,-0.131671373,0.026632781,-0.688347272,-0.53356603,-0.264267856,0.049686589,-1.28068096,-0.796965859,-0.535915498,0.074541716,1997,6.739327079,6.774074455,4.341698065,4.087006665,7956,701169,7819,581444,1997,0.213102765,0.771530004,97051,0.990691133,741224
1998,-0.739706005,-0.026596197,-0.761614368,-0.050846254,0.628877547,-1.368583553,-1.821414695,-0.655473745,-1.18153398,-1.390491914,-0.679723802,-0.209805502,0.628877547,0.951887086,0.777429491,0.951497654,0.777419127,0.953022,8059,249,7851,248,7726,1998,-0.313135541,0.024842273,-0.352416858,0.024068671,0.628877547,-0.942013088,-1.820722735,-0.604035273,-0.819845679,-0.981294405,-0.604808876,-0.187606119,0.628877547,0.911762087,0.627514391,0.905799081,0.627519284,0.906467793,741010,3597,681932,3592,689547,1998,0.161764046,0.384863034,0.159980939,0.385174301,0.628877547,-0.467113501,-0.727854222,-0.244014513,-0.240922868,-0.468896608,-0.243703246,0.351041052,0.628877547,31.66766647,22.29918033,31.39428744,22.24200645,31.76047431,6668,3416,6617,3409,7590,1998,0.885576931,0.848713774,0.884755291,0.848666692,0.795207932,0.090368999,0.035492036,0.053505842,0.029204164,0.089547359,0.05345876,1.61176369,0.795207932,30.75779103,29.25732562,30.70484429,29.26588478,29.8292224,550248,342360,545756,341821,560214,1998,-1.821414695,-1.820722735,-0.727854222,0.035492036,-1.368583553,-0.942013088,-0.467113501,0.090368999,-1.18153398,-0.819845679,-0.240922868,0.029204164,-0.655473745,-0.604035273,-0.244014513,0.053505842,-1.390491914,-0.981294405,-0.468896608,0.089547359,1998,6.768213786,6.787856977,4.173958494,4.058414228,7726,689547,7590,560214,1998,0.124939613,0.628877547,177875,0.795207932,725459
1999,-0.554544558,-0.200704521,-0.605812711,-0.226796113,0.47722794,-1.031772498,-2.155448967,-0.677932461,-1.371819197,-1.083040652,-0.704024054,-0.749058372,0.47722794,0.961654087,0.80938028,0.959171097,0.809776536,0.948288074,6214,226,5527,224,7367,1999,-0.622598819,-0.268074964,-0.655693043,-0.26564337,0.47722794,-1.099826759,-1.74395881,-0.745302904,-0.707012181,-1.132920983,-0.74287131,-0.27270327,0.47722794,0.92768865,0.64373978,0.915902026,0.643858084,0.909283862,840096,3246,690741,3232,688613,1999,-0.019354497,0.19144158,-0.027439825,0.189172172,0.47722794,-0.496582438,-0.702091858,-0.28578636,-0.216665677,-0.504667765,-0.288055768,0.248131312,0.47722794,32.96477924,23.35614661,32.71202046,23.2195361,32.00250487,5934,3083,5865,3061,7186,1999,0.734267073,0.69997014,0.733314217,0.699817029,0.648825145,0.085441927,0.049129468,0.051144994,0.039012057,0.084489072,0.050991883,1.416118113,0.648825145,30.93011514,29.50918165,30.87750257,29.52391007,30.06535054,565473,348031,557277,347155,548427,1999,-2.155448967,-1.74395881,-0.702091858,0.049129468,-1.031772498,-1.099826759,-0.496582438,0.085441927,-1.371819197,-0.707012181,-0.216665677,0.039012057,-0.677932461,-0.745302904,-0.28578636,0.051144994,-1.083040652,-1.132920983,-0.504667765,0.084489072,1999,6.93825091,6.899077649,4.112873671,4.030371889,7367,688613,7186,548427,1999,-0.173347359,0.47722794,171031,0.648825145,721430
2000,-0.767541584,-0.467309111,-0.788831709,-0.500548608,0.208881045,-0.976422629,-2.892804579,-0.676190156,-1.293338945,-0.997712753,-0.709429653,-1.821881816,0.208881045,0.949828205,0.793092561,0.946700132,0.792992735,0.954148877,7519,291,6628,284,7028,2000,-1.132004079,-0.867449745,-1.200799589,-0.862585633,0.208881045,-1.340885124,-1.802915599,-1.07633079,-0.648748822,-1.409680633,-1.071466679,-0.561807039,0.208881045,0.938474535,0.659477523,0.922904267,0.65954847,0.909187356,1000721,3121,739901,3102,723090,2000,-0.652361094,-0.334630227,-0.677498103,-0.344479478,0.208881045,-0.86124214,-0.664080288,-0.543511272,-0.277091173,-0.886379147,-0.553360523,0.179861557,0.208881045,33.40056418,22.18643176,32.92957561,22.03135796,32.71434879,7799,3803,7611,3763,6795,2000,0.490167595,0.458696805,0.487616301,0.458292206,0.403912267,0.086255328,0.063127172,0.054784537,0.048035779,0.083704034,0.054379938,1.234678885,0.403912267,31.04125435,29.51319535,30.92657119,29.54336006,30.24815851,592592,363234,576681,361381,551184,2000,-2.892804579,-1.802915599,-0.664080288,0.063127172,-0.976422629,-1.340885124,-0.86124214,0.086255328,-1.293338945,-0.648748822,-0.277091173,0.048035779,-0.676190156,-1.07633079,-0.543511272,0.054784537,-0.997712753,-1.409680633,-0.886379147,0.083704034,2000,6.637548759,6.79240508,4.112656818,4.015658696,7028,723090,6795,551184,2000,-0.29293668,0.208881045,165477,0.403912267,757295
2001,-0.828474028,-0.410509739,-0.928457617,-0.450580842,-0.002366891,-0.826107137,-2.619052474,-0.408142847,-1.226122658,-0.926090726,-0.448213951,-1.663793012,-0.002366891,0.959000565,0.806795136,0.959359518,0.80614085,0.951563447,7366,259,6482,241,7105,2001,-0.859531572,-0.755846295,-0.953616706,-0.754538986,-0.002366891,-0.857164681,-1.833663507,-0.753479403,-0.727927394,-0.951249814,-0.752172096,-0.800481969,-0.002366891,0.939070689,0.667426854,0.91539563,0.666982576,0.911556589,1067469,3222,672134,3195,736277,2001,-0.602731501,-0.406632219,-0.626877519,-0.423771986,-0.002366891,-0.60036461,-0.533028287,-0.404265327,-0.178590988,-0.624510628,-0.421405094,0.219937947,-0.002366891,36.52796685,24.71470588,35.65351418,24.43055137,33.52839506,6758,3400,6488,3319,6885,2001,0.278753594,0.236183614,0.269971154,0.235262968,0.175749589,0.103004005,0.070851242,0.060434026,0.049332464,0.094221565,0.05951338,1.060796338,0.175749589,31.82465859,30.19424174,31.67056022,30.24674511,30.59327129,614293,374106,583700,370212,549853,2001,-2.619052474,-1.833663507,-0.533028287,0.070851242,-0.826107137,-0.857164681,-0.60036461,0.103004005,-1.226122658,-0.727927394,-0.178590988,0.049332464,-0.408142847,-0.753479403,-0.404265327,0.060434026,-0.926090726,-0.951249814,-0.624510628,0.094221565,2001,6.730115444,6.675471302,4.227077782,3.999551151,7105,736277,6885,549853,2001,-0.344863546,-0.002366891,159100,0.175749589,769854
2002,-0.47063315,-0.376606365,-0.865701604,-0.330155613,-0.152339377,-0.318293772,-2.047086785,-0.224266988,-0.883713076,-0.713362227,-0.177816237,-1.172526936,-0.152339377,0.947955525,0.774908031,0.945271382,0.781693766,0.943954894,5973,218,3405,183,7044,2002,-0.754242895,-0.750766356,-0.995609934,-0.758000396,-0.152339377,-0.601903518,-1.885443422,-0.598426979,-0.909247547,-0.843270557,-0.605661018,-1.017506276,-0.152339377,0.920765629,0.679685892,0.855293139,0.679143775,0.920533941,799110,3122,356069,3049,771439,2002,-0.448714173,-0.290588873,-0.486943977,-0.307161095,-0.152339377,-0.296374796,-0.644449588,-0.138249497,-0.370134719,-0.334604601,-0.154821718,-0.044766047,-0.152339377,36.59414669,24.27624873,34.59451632,23.86155485,32.99840163,5672,2943,5179,2817,6882,2002,0.12401681,0.076887716,0.110218121,0.074008687,0.020598727,0.103418083,0.075391395,0.056288988,0.048608299,0.089619394,0.05340996,0.867450473,0.020598727,31.99499025,30.41885242,31.75609555,30.51070831,30.71995148,643346,391780,583335,382320,567191,2002,-2.047086785,-1.885443422,-0.644449588,0.075391395,-0.318293772,-0.601903518,-0.296374796,0.103418083,-0.883713076,-0.909247547,-0.370134719,0.048608299,-0.224266988,-0.598426979,-0.138249497,0.056288988,-0.713362227,-0.843270557,-0.334604601,0.089619394,2002,6.797923369,6.656008927,4.177151517,3.96657369,7044,771439,6882,567191,2002,-0.142363398,-0.152339377,154783,0.020598727,807550
2003,-1.014939532,-0.19734491,-0.433404752,-0.122637929,-0.200878103,-0.814061428,-1.807728118,0.003533194,-0.83790803,-0.232526649,0.078240175,-1.000065978,-0.200878103,0.965570388,0.79530782,0.879917307,0.744999766,0.944548283,7588,211,364,108,7088,2003,-1.138545005,-0.743993667,-0.908197218,-0.776039548,-0.200878103,-0.937666901,-1.64696856,-0.543115564,-0.899098229,-0.707319115,-0.575161444,-0.912218826,-0.200878103,0.921059091,0.684447184,0.785283149,0.683725347,0.923549908,840516,3013,219115,2915,792141,2003,-0.425393772,-0.343771974,-0.563093215,-0.40965974,-0.200878103,-0.224515669,-0.625551934,-0.14289387,-0.391950308,-0.362215112,-0.208781637,-0.19616576,-0.200878103,41.50953117,27.78978253,37.96500729,27.20575976,32.03423371,5823,2897,4801,2639,6923,2003,0.088870573,0.04072019,0.061641426,0.034477993,-0.012505662,0.101376235,0.083072168,0.053225853,0.054452201,0.074147089,0.046983656,0.665770124,-0.012505662,32.31681308,30.73772088,31.95869759,30.87523321,30.97945777,651362,396486,541736,374667,577688,2003,-1.807728118,-1.64696856,-0.625551934,0.083072168,-0.814061428,-0.937666901,-0.224515669,0.101376235,-0.83790803,-0.899098229,-0.391950308,0.054452201,0.003533194,-0.543115564,-0.14289387,0.053225853,-0.232526649,-0.707319115,-0.362215112,0.074147089,2003,6.726769985,6.676401056,4.206258676,3.934279614,7088,792141,6923,577688,2003,-0.194584492,-0.200878103,148622,-0.012505662,826811
2004,1.516671167,0.220789662,0.006098735,#N/A,-0.269075386,1.785746553,-1.693949621,0.489865049,-0.847232708,0.275174121,#N/A,-0.98789557,-0.269075386,0.965740272,0.804200656,0.772520751,#N/A,0.953361265,7494,219,119,#N/A,7098,2004,0.374986891,-0.632640224,-0.593181719,-0.656504319,-0.269075386,0.644062278,-1.376034707,-0.363564837,-0.706974506,-0.324106332,-0.387428932,-0.754146512,-0.269075386,0.918790063,0.695743133,0.803107428,0.694859224,0.9262738,737044,3000,199710,2881,835677,2004,-0.091767532,-0.278603484,-0.378348839,-0.372196868,-0.269075386,0.177307855,-0.619739392,-0.009528098,-0.38416089,-0.109273453,-0.103121481,-0.361855468,-0.269075386,52.4185022,32.2305692,45.12429874,31.18235294,35.01727116,9080,3461,5704,2890,6948,2004,0.093330942,0.038726268,0.050611217,0.028330136,-0.01866028,0.111991223,0.08895866,0.057386548,0.051281272,0.069271497,0.046990416,0.470190212,-0.01866028,32.63142424,30.93235465,32.04503936,31.1472313,31.25152144,691969,420428,489816,367320,606827,2004,-1.693949621,-1.376034707,-0.619739392,0.08895866,1.785746553,0.644062278,0.177307855,0.111991223,-0.847232708,-0.706974506,-0.38416089,0.051281272,0.489865049,-0.363564837,-0.009528098,0.057386548,0.275174121,-0.324106332,-0.109273453,0.069271497,2004,6.820028354,6.771880329,4.256764537,3.888529702,7098,835677,6948,606827,2004,-0.316603732,-0.269075386,147622,-0.01866028,870121
2005,-0.210422945,-0.033422567,#N/A,#N/A,-0.328641355,0.118218411,-1.250324784,0.295218788,-0.481133763,#N/A,#N/A,-0.654921458,-0.328641355,0.945511032,0.818755734,#N/A,#N/A,0.95138936,6610,209,#N/A,#N/A,6599,2005,-0.41387014,-0.625116317,-0.660633231,-0.661107345,-0.328641355,-0.085228785,-1.206441214,-0.296474962,-0.616635992,-0.331991876,-0.33246599,-0.673322372,-0.328641355,0.924426262,0.706154193,0.817280258,0.70734031,0.930612852,965486,2837,193979,2696,884858,2005,-0.231923525,-0.22243371,-0.347999336,-0.322078437,-0.328641355,0.09671783,-0.495490582,0.106207646,-0.199276877,-0.019357981,0.006562918,-0.383231869,-0.328641355,59.36113229,37.44206257,44.88798799,34.90080302,35.81079004,10492,3452,3330,2117,6506,2005,0.080584525,0.024478515,0.021981847,0.008046392,-0.037098601,0.117683126,0.088120514,0.061577116,0.04894666,0.059080448,0.045144993,0.317677211,-0.037098601,33.28922783,31.64894248,32.31756983,31.80643061,31.67122651,734587,445474,385257,324106,636499,2005,-1.250324784,-1.206441214,-0.495490582,0.088120514,0.118218411,-0.085228785,0.09671783,0.117683126,-0.481133763,-0.616635992,-0.199276877,0.04894666,0.295218788,-0.296474962,0.106207646,0.061577116,#N/A,-0.331991876,-0.019357981,0.059080448,2005,6.962027205,6.913530978,4.325974676,3.873172969,6599,884858,6506,636499,2005,-0.102598229,-0.328641355,147765,-0.037098601,918981
2006,-0.282178259,0.076007387,#N/A,#N/A,-0.432263965,0.150085705,-1.073951319,0.508271352,-0.474035485,#N/A,#N/A,-0.717520632,-0.432263965,0.935556628,0.80010789,#N/A,#N/A,0.952161849,5476,185,#N/A,#N/A,6947,2006,-0.249144761,-0.590461499,-0.605453431,-0.607588429,-0.432263965,0.183119204,-1.155489979,-0.158197535,-0.500612347,-0.173189466,-0.175324465,-0.767563901,-0.432263965,0.888638083,0.707619173,0.820800281,0.714333004,0.936420842,750996,3037,120040,2377,915643,2006,-0.423619532,-0.398920666,-0.510513765,-0.506549198,-0.432263965,0.008644433,-0.302330362,0.033343299,-0.11981046,-0.0782498,-0.074285233,-0.333614572,-0.432263965,62.03559583,43.60928335,47.88390093,41.86172488,37.21828004,12361,3921,1938,1403,6849,2006,-0.030093022,-0.082084893,-0.114847933,-0.115739084,-0.13910388,0.109010858,0.093978887,0.057018986,0.049867759,0.024255946,0.023364796,0.21684322,-0.13910388,33.33243914,31.65971637,32.19625226,31.98796865,31.92378498,759345,462714,220079,213941,665853,2006,-1.073951319,-1.155489979,-0.302330362,0.093978887,0.150085705,0.183119204,0.008644433,0.109010858,-0.474035485,-0.500612347,-0.11981046,0.049867759,0.508271352,-0.158197535,0.033343299,0.057018986,#N/A,-0.173189466,-0.0782498,0.024255946,2006,6.733134527,6.837644215,4.237465883,3.836313428,6947,915643,6849,665853,2006,-0.238501721,-0.432263965,147453,-0.13910388,951037
2007,-0.11938252,-0.218396255,#N/A,#N/A,-0.448076535,0.328694016,-0.859345792,0.229680281,-0.430840026,#N/A,#N/A,-0.671124921,-0.448076535,0.936189996,0.806825165,#N/A,#N/A,0.958657509,4415,189,#N/A,#N/A,7100,2007,-0.246537111,-0.442725603,-0.085922692,-0.342116187,-0.448076535,0.201539425,-0.993559941,0.005350933,-0.482590055,0.362153843,0.105960349,-0.781917909,-0.448076535,0.888638727,0.708276782,0.644801597,0.663304897,0.939696041,715125,2780,454,118,950584,2007,-0.377781352,-0.418864204,#N/A,#N/A,-0.448076535,0.070295184,-0.207756113,0.029212331,-0.046062534,#N/A,#N/A,-0.356607159,-0.448076535,62.20780031,48.18315972,#N/A,#N/A,41.54290618,9615,3456,#N/A,#N/A,6992,2007,-0.068895811,-0.1228142,-0.072876393,-0.067628376,-0.175540857,0.106645046,0.101955791,0.052726657,0.053335216,0.102664464,0.107912481,0.152317383,-0.175540857,32.77112792,31.45951783,32.48208469,32.34206033,32.33578106,765563,478297,8903,8785,695203,2007,-0.859345792,-0.993559941,-0.207756113,0.101955791,0.328694016,0.201539425,0.070295184,0.106645046,-0.430840026,-0.482590055,-0.046062534,0.053335216,0.229680281,0.005350933,0.029212331,0.052726657,#N/A,0.362153843,#N/A,0.102664464,2007,6.928109437,6.696764552,4.104100981,3.78145187,7100,950584,6992,695203,2007,-0.306489741,-0.448076535,144848,-0.175540857,986102
2008,0.556008378,0.154256675,#N/A,#N/A,-0.390107801,0.946116179,-0.531441808,0.544364476,0.199669434,#N/A,#N/A,-0.451892883,-0.390107801,0.92709838,0.803735168,#N/A,#N/A,0.958692004,4560,257,#N/A,#N/A,8595,2008,-0.034735838,-0.308222915,#N/A,#N/A,-0.390107801,0.355371963,-0.75618396,0.081884886,-0.378209819,#N/A,#N/A,-0.682286643,-0.390107801,0.881013475,0.70328539,#N/A,#N/A,0.941699988,607915,2724,#N/A,#N/A,1023203,2008,-0.230769396,-0.287464921,#N/A,#N/A,-0.390107801,0.159338405,0.022770426,0.102642879,0.11469864,#N/A,#N/A,-0.242403091,-0.390107801,63.35509221,53.40987984,#N/A,#N/A,50.15674977,9544,3745,#N/A,#N/A,8504,2008,-0.054282405,-0.106998009,#N/A,#N/A,-0.166609423,0.112327018,0.110225424,0.059611413,0.057895822,#N/A,#N/A,0.090458156,-0.166609423,32.31262105,31.16807027,#N/A,#N/A,32.6724461,770879,499785,#N/A,#N/A,742287,2008,-0.531441808,-0.75618396,0.022770426,0.110225424,0.946116179,0.355371963,0.159338405,0.112327018,0.199669434,-0.378209819,0.11469864,0.057895822,0.544364476,0.081884886,0.102642879,0.059611413,#N/A,#N/A,#N/A,#N/A,2008,7.290068761,6.814306125,3.877541704,3.753569499,8595,1023203,8504,742287,2008,0.118208896,-0.390107801,147717,-0.166609423,1059497
2009,1.044223825,0.176448926,#N/A,#N/A,-0.467998,1.512221825,-0.332305335,0.644446927,0.287095895,#N/A,#N/A,-0.422815318,-0.467998,0.920166309,0.806391517,#N/A,#N/A,0.959096249,7924,291,#N/A,#N/A,10072,2009,0.49578769,-0.268824421,#N/A,#N/A,-0.467998,0.963785691,-0.508456952,0.199173579,-0.195697145,#N/A,#N/A,-0.55099619,-0.467998,0.864310647,0.700579324,#N/A,#N/A,0.939709972,598725,2778,#N/A,#N/A,1082205,2009,-0.030104739,-0.206833067,#N/A,#N/A,-0.467998,0.437893261,0.0866484,0.261164934,0.144280375,#N/A,#N/A,-0.251240578,-0.467998,66.33657694,59.19405757,#N/A,#N/A,57.06165204,10996,4308,#N/A,#N/A,10024,2009,-0.047046318,-0.089031681,#N/A,#N/A,-0.139237968,0.09219165,0.112349269,0.050206287,0.060487187,#N/A,#N/A,0.033739091,-0.139237968,31.74578576,30.57180043,#N/A,#N/A,33.01195654,741119,507107,#N/A,#N/A,786766,2009,-0.332305335,-0.508456952,0.0866484,0.112349269,1.512221825,0.963785691,0.437893261,0.09219165,0.287095895,-0.195697145,0.144280375,0.060487187,0.644446927,0.199173579,0.261164934,0.050206287,#N/A,#N/A,#N/A,#N/A,2009,6.887574148,6.879592047,3.853247483,3.716859513,10072,1082205,10024,786766,2009,0.075149611,-0.467998,148103,-0.139237968,1118689
2010,0.955666303,0.808241557,#N/A,#N/A,-0.382113265,1.337779568,1.052962958,1.190354821,0.630871176,#N/A,#N/A,0.770134499,-0.382113265,0.804635134,0.743351399,#N/A,#N/A,0.962143326,18594,364,#N/A,#N/A,11989,2010,0.85300019,0.337992278,#N/A,#N/A,-0.382113265,1.235113455,-0.072989936,0.720105542,0.003268674,#N/A,#N/A,-0.244670763,-0.382113265,0.774429811,0.702253552,#N/A,#N/A,0.935402287,617012,2884,#N/A,#N/A,1131051,2010,0.464242859,0.314579841,#N/A,#N/A,-0.382113265,0.846356124,0.086365947,0.696693106,0.131594057,#N/A,#N/A,-0.292984881,-0.382113265,67.6460451,62.89360173,#N/A,#N/A,63.83015714,14855,5564,#N/A,#N/A,11964,2010,0.082758484,0.038636411,#N/A,#N/A,-0.020159626,0.102918111,0.114239111,0.058796037,0.063115479,#N/A,#N/A,-0.002625378,-0.020159626,31.14329526,29.73010798,#N/A,#N/A,33.16301598,654097,477239,#N/A,#N/A,826784,2010,1.052962958,-0.072989936,0.086365947,0.114239111,1.337779568,1.235113455,0.846356124,0.102918111,0.630871176,0.003268674,0.131594057,0.063115479,1.190354821,0.720105542,0.696693106,0.058796037,#N/A,#N/A,#N/A,#N/A,2010,5.357884244,6.349344019,3.859928405,3.663215852,11989,1131051,11964,826784,2010,0.295025581,-0.382113265,144282,-0.020159626,1165394
2011,0.76787981,0.581592245,#N/A,#N/A,-0.331310476,1.099190286,0.778050211,0.912902721,0.394638978,#N/A,#N/A,0.404971428,-0.331310476,0.70800193,0.703835307,#N/A,#N/A,0.945773566,12299,365,#N/A,#N/A,14408,2011,0.503879232,0.087418364,#N/A,#N/A,-0.331310476,0.835189708,0.16548208,0.41872884,0.136849127,#N/A,#N/A,-0.109903008,-0.331310476,0.705775004,0.703414686,#N/A,#N/A,0.931242425,419033,2694,#N/A,#N/A,1178962,2011,0.71134707,0.562507341,#N/A,#N/A,-0.331310476,1.042657546,0.21064318,0.893817817,0.086497543,#N/A,#N/A,-0.206345618,-0.331310476,68.49388815,65.7123349,#N/A,#N/A,66.73654234,11944,4467,#N/A,#N/A,14397,2011,0.143451808,0.111334903,#N/A,#N/A,0.041465388,0.10198642,0.114777496,0.069869516,0.067754613,#N/A,#N/A,-0.014983873,0.041465388,31.22415348,29.71508587,#N/A,#N/A,32.93058351,487996,393136,#N/A,#N/A,864636,2011,0.778050211,0.16548208,0.21064318,0.114777496,1.099190286,0.835189708,1.042657546,0.10198642,0.394638978,0.136849127,0.086497543,0.067754613,0.912902721,0.41872884,0.893817817,0.069869516,#N/A,#N/A,#N/A,#N/A,2011,4.517517647,5.906946272,3.689962597,3.608689451,14408,1178962,14397,864636,2011,0.004498437,-0.331310476,138963,0.041465388,1212527
2012,1.355952076,0.970489545,#N/A,#N/A,-0.205171311,1.561123388,0.993380856,1.175660856,0.564146526,#N/A,#N/A,0.594627342,-0.205171311,0.693255177,0.693021523,#N/A,#N/A,0.87452608,11602,321,#N/A,#N/A,19919,2012,0.872108173,0.486587482,#N/A,#N/A,-0.205171311,1.077279484,0.318451407,0.691758793,0.311858227,#N/A,#N/A,-0.019064569,-0.205171311,0.695787836,0.690687253,#N/A,#N/A,0.90640508,195443,2458,#N/A,#N/A,1376951,2012,1.067317388,0.960360765,#N/A,#N/A,-0.205171311,1.272488699,0.453576075,1.165532076,0.332898892,#N/A,#N/A,0.052235856,-0.205171311,67.57898803,65.50277175,#N/A,#N/A,67.50452398,10356,4149,#N/A,#N/A,19894,2012,0.277454379,0.249073186,#N/A,#N/A,0.175233201,0.102221178,0.122427507,0.073839984,0.079045211,#N/A,#N/A,0.026257749,0.175233201,26.89208764,25.16875449,#N/A,#N/A,32.14121904,331102,309254,#N/A,#N/A,917610,2012,0.993380856,0.318451407,0.453576075,0.122427507,1.561123388,1.077279484,1.272488699,0.102221178,0.564146526,0.311858227,0.332898892,0.079045211,1.175660856,0.691758793,1.165532076,0.073839984,#N/A,#N/A,#N/A,#N/A,2012,3.454664629,5.600449335,3.330518139,3.573999601,19919,1376951,19894,917610,2012,0.158846902,-0.205171311,126069,0.175233201,1422601
2013,0.586770848,#N/A,#N/A,#N/A,-0.128269565,0.715040413,1.026645396,#N/A,0.949127397,#N/A,#N/A,0.665733735,-0.128269565,0.684380511,#N/A,#N/A,#N/A,0.762079444,1502,#N/A,#N/A,#N/A,16906,2013,0.770956521,0.620443068,#N/A,#N/A,-0.128269565,0.899226085,0.499647991,0.748712632,0.506906594,#N/A,#N/A,0.140278137,-0.128269565,0.68319084,0.675058524,#N/A,#N/A,0.862087172,4525,255,#N/A,#N/A,1199755,2013,0.966263287,0.95092235,#N/A,#N/A,-0.128269565,1.094532852,0.889348473,1.079191914,0.803953843,#N/A,#N/A,0.528553373,-0.128269565,65.96557377,64.62410623,#N/A,#N/A,67.76312511,2440,979,#N/A,#N/A,16857,2013,0.533535939,0.513861057,#N/A,#N/A,0.307920135,0.225615804,0.128880246,0.205940922,0.092486864,#N/A,#N/A,0.084602859,0.307920135,23.34262717,20.40534356,#N/A,#N/A,31.90291702,36153,33648,#N/A,#N/A,830506,2013,1.026645396,0.499647991,0.889348473,0.128880246,0.715040413,0.899226085,1.094532852,0.225615804,0.949127397,0.506906594,0.803953843,0.092486864,#N/A,0.748712632,1.079191914,0.205940922,#N/A,#N/A,#N/A,#N/A,2013,2.844619518,5.40314402,3.015088835,3.543614753,16906,1199755,16857,830506,2013,0.585306514,-0.128269565,62757,0.307920135,1244011
2014,#N/A,#N/A,#N/A,#N/A,-0.033351189,#N/A,1.361659555,#N/A,0.99304196,#N/A,#N/A,1.105234085,-0.033351189,#N/A,#N/A,#N/A,#N/A,0.713577867,#N/A,#N/A,#N/A,#N/A,17671,2014,#N/A,#N/A,#N/A,#N/A,-0.033351189,#N/A,0.577755482,#N/A,0.5512782,#N/A,#N/A,0.242967514,-0.033351189,#N/A,#N/A,#N/A,#N/A,0.817021503,#N/A,#N/A,#N/A,#N/A,1066790,2014,#N/A,#N/A,#N/A,#N/A,-0.033351189,#N/A,1.164774489,#N/A,1.071886394,#N/A,#N/A,0.89714835,-0.033351189,#N/A,#N/A,#N/A,#N/A,67.23192515,#N/A,#N/A,#N/A,#N/A,17635,2014,#N/A,#N/A,#N/A,#N/A,0.394178178,#N/A,0.143692671,#N/A,0.094083355,#N/A,#N/A,0.191171039,0.394178178,#N/A,#N/A,#N/A,#N/A,29.96431412,#N/A,#N/A,#N/A,#N/A,804604,2014,1.361659555,0.577755482,1.164774489,0.143692671,#N/A,#N/A,#N/A,#N/A,0.99304196,0.5512782,1.071886394,0.094083355,#N/A,#N/A,#N/A,#N/A,#N/A,#N/A,#N/A,#N/A,2014,2.612046303,5.209772823,2.763978749,3.42361921,17671,1066790,17635,804604,2014,0.73260718,-0.033351189,62720,0.394178178,1103186
2015,#N/A,#N/A,#N/A,#N/A,0.168719606,#N/A,1.03432623,#N/A,#N/A,#N/A,#N/A,0.848020273,0.168719606,#N/A,#N/A,#N/A,#N/A,0.695549271,#N/A,#N/A,#N/A,#N/A,2047,2015,#N/A,#N/A,#N/A,#N/A,0.168719606,#N/A,0.721183446,#N/A,0.767246703,#N/A,#N/A,0.412709455,0.168719606,#N/A,#N/A,#N/A,#N/A,0.789566464,#N/A,#N/A,#N/A,#N/A,92625,2015,#N/A,#N/A,#N/A,#N/A,0.168719606,#N/A,1.206042367,#N/A,1.009470011,#N/A,#N/A,1.001404318,0.168719606,#N/A,#N/A,#N/A,#N/A,66.5456766,#N/A,#N/A,#N/A,#N/A,2047,2015,#N/A,#N/A,#N/A,#N/A,0.513052137,#N/A,0.204318711,#N/A,0.133796589,#N/A,#N/A,0.315014218,0.513052137,#N/A,#N/A,#N/A,#N/A,25.68448345,#N/A,#N/A,#N/A,#N/A,74630,2015,1.03432623,0.721183446,1.206042367,0.204318711,#N/A,#N/A,#N/A,#N/A,#N/A,0.767246703,1.009470011,0.133796589,#N/A,#N/A,#N/A,#N/A,#N/A,#N/A,#N/A,#N/A,2015,2.381610524,4.948636168,2.604014422,3.428547735,2047,92625,2047,74630,2015,#N/A,0.168719606,4223,0.513052137,94850
